{"cameraMode":{"drawMode":0,"name":"Shaded","section":"Shading Mode"},"sceneLighting":true,"audioPlay":false,"sceneViewState":{"showFog":true,"showMaterialUpdate":false,"showSkybox":true,"showFlares":true,"showImageEffects":true,"showParticleSystems":true},"in2DMode":false,"pivot":{"x":-101.77978515625,"y":164.98330688476563,"z":91.59239959716797},"rotation":{"x":-0.21456602215766908,"y":-0.6914474964141846,"z":0.22783876955509187,"w":-0.6511499881744385},"size":406.1827697753906,"orthographic":false}