{"cameraMode":{"drawMode":0,"name":"Shaded","section":"Shading Mode"},"sceneLighting":true,"audioPlay":false,"sceneViewState":{"showFog":true,"showMaterialUpdate":false,"showSkybox":true,"showFlares":true,"showImageEffects":true,"showParticleSystems":true},"in2DMode":false,"pivot":{"x":-33.35158920288086,"y":181.9339599609375,"z":320.09014892578127},"rotation":{"x":0.24556846916675569,"y":0.48327648639678957,"z":-0.14332883059978486,"w":0.8280260562896729},"size":383.58392333984377,"orthographic":false}